/*
### ### ### ### ### ### ###
SourceItFresh - Copyright (C) 2020
This SiF file is licensed under v3 of the GNU Affero General Public License.
### ### ###
GNU AGPLv3 lets people do almost anything they want with the project, except distributing closed-source versions.

Permissions of this strongest copyleft license are conditioned on:
Making available the complete source code of works and modifications, 
 which include larger works using a licensed work, under the same license.
Copyright and license notices must be preserved.
Contributors provide an express grant of patent rights.
When a modified version is used to provide a service over a network,
 the complete source code of the modified version must be made available.

This program is distributed in the hope that it will be useful, but WITHOUT ANY WARRANTY,
 without even the implied warranty of MERCHANTABILITY or FITNESS FOR A PARTICULAR PURPOSE.
### ### ###
See LICENSE.txt for more details or visit <https://www.gnu.org/licenses/>
### ### ### ### ### ### ###
*/

---------   -------   -------   sec   -------   -------   -------
--SET IDENTITY_INSERT [sec].[ApplicationSection] ON
----INSERT [sec].[ApplicationSection] ([id], [path], [name], [canView], [canAdd], [canUpdate], [canDelete]) VALUES (1, N'Auth',  N'Auth',  1, 0, 0, 0)
----INSERT [sec].[ApplicationSection] ([id], [path], [name], [canView], [canAdd], [canUpdate], [canDelete]) VALUES (2, N'Trade', N'Trade', 1, 0, 0, 0)
----INSERT [sec].[ApplicationSection] ([id], [path], [name], [canView], [canAdd], [canUpdate], [canDelete]) VALUES (3, N'Community Reviews', N'Community Reviews', 1, 0, 0, 0)
----INSERT [sec].[ApplicationSection] ([id], [path], [name], [canView], [canAdd], [canUpdate], [canDelete]) VALUES (4, N'Social Forums', N'Social Forums', 1, 1, 1, 1)

----INSERT [sec].[ApplicationSection] ([id], [path], [name], [canView], [canAdd], [canUpdate], [canDelete]) VALUES (11, N'Auth > Personal Profile', N'Manage Personal Profile', 1, 1, 1, 1)
--INSERT [sec].[ApplicationSection] ([id], [path], [name], [canView], [canAdd], [canUpdate], [canDelete]) VALUES (12, N'Auth > Trader Entitys',   N'Manage Trader Entitys',   1, 0, 0, 0)
--INSERT [sec].[ApplicationSection] ([id], [path], [name], [canView], [canAdd], [canUpdate], [canDelete]) VALUES (13, N'Auth > Paid Services',    N'Manage Paid Services',    1, 0, 0, 0)
--INSERT [sec].[ApplicationSection] ([id], [path], [name], [canView], [canAdd], [canUpdate], [canDelete]) VALUES (14, N'Auth > AddIns',           N'Manage AddIns',           1, 1, 1, 1)

--INSERT [sec].[ApplicationSection] ([id], [path], [name], [canView], [canAdd], [canUpdate], [canDelete]) VALUES (121, N'Auth > Trader Entitys > Overview',         N'Trader Overview',                 1, 1, 1, 1)
--INSERT [sec].[ApplicationSection] ([id], [path], [name], [canView], [canAdd], [canUpdate], [canDelete]) VALUES (122, N'Auth > Trader Entitys > Contact Details',  N'Trader Contact Details',          1, 1, 1, 1)
--INSERT [sec].[ApplicationSection] ([id], [path], [name], [canView], [canAdd], [canUpdate], [canDelete]) VALUES (123, N'Auth > Trader Entitys > Location',         N'Trader Location',                 1, 1, 1, 1)
--INSERT [sec].[ApplicationSection] ([id], [path], [name], [canView], [canAdd], [canUpdate], [canDelete]) VALUES (124, N'Auth > Trader Entitys > Linked Rights',    N'Trader Linked Accounts & Rights', 1, 1, 1, 1)
--INSERT [sec].[ApplicationSection] ([id], [path], [name], [canView], [canAdd], [canUpdate], [canDelete]) VALUES (125, N'Auth > Trader Entitys > Delivery Config',  N'Delivery Config',                 1, 1, 1, 1)
--INSERT [sec].[ApplicationSection] ([id], [path], [name], [canView], [canAdd], [canUpdate], [canDelete]) VALUES (126, N'Auth > Trader Entitys > Payment Methods',  N'Payment Methods',                 1, 1, 1, 1)
--INSERT [sec].[ApplicationSection] ([id], [path], [name], [canView], [canAdd], [canUpdate], [canDelete]) VALUES (127, N'Auth > Trader Entitys > Manage Goods',     N'Manage Goods',                    1, 1, 1, 1)
--INSERT [sec].[ApplicationSection] ([id], [path], [name], [canView], [canAdd], [canUpdate], [canDelete]) VALUES (128, N'Auth > Trader Entitys > Managed Services', N'Managed Services',                1, 1, 1, 1)
--INSERT [sec].[ApplicationSection] ([id], [path], [name], [canView], [canAdd], [canUpdate], [canDelete]) VALUES (129, N'Auth > Trader Entitys > Actions Log',      N'Actions Log',                     1, 0, 0, 0)

--INSERT [sec].[ApplicationSection] ([id], [path], [name], [canView], [canAdd], [canUpdate], [canDelete]) VALUES (131, N'Auth > Paid Services > Subscriptions',       N'Subscriptions',            1, 1, 1, 1)
--INSERT [sec].[ApplicationSection] ([id], [path], [name], [canView], [canAdd], [canUpdate], [canDelete]) VALUES (132, N'Auth > Paid Services > Setup Simulator',     N'Setup Simulator',          1, 1, 1, 1)
--INSERT [sec].[ApplicationSection] ([id], [path], [name], [canView], [canAdd], [canUpdate], [canDelete]) VALUES (133, N'Auth > Paid Services > Machine Learning',    N'Machine Learning',         1, 1, 1, 1)
--INSERT [sec].[ApplicationSection] ([id], [path], [name], [canView], [canAdd], [canUpdate], [canDelete]) VALUES (134, N'Auth > Paid Services > Weather Alert',       N'Weather Alert',            1, 1, 1, 1)
--INSERT [sec].[ApplicationSection] ([id], [path], [name], [canView], [canAdd], [canUpdate], [canDelete]) VALUES (135, N'Auth > Paid Services > Location Leveraging', N'Leveraging Location Data', 1, 1, 1, 1)

--INSERT [sec].[ApplicationSection] ([id], [path], [name], [canView], [canAdd], [canUpdate], [canDelete]) VALUES (21, N'Trade > Consumer', N'Buyer',       1, 0, 0, 0)
--INSERT [sec].[ApplicationSection] ([id], [path], [name], [canView], [canAdd], [canUpdate], [canDelete]) VALUES (22, N'Trade > Vendor', N'Grower/Seller', 1, 0, 0, 0)
--INSERT [sec].[ApplicationSection] ([id], [path], [name], [canView], [canAdd], [canUpdate], [canDelete]) VALUES (23, N'Trade > Spoilage', N'Spoilage',    1, 0, 0, 0)

----INSERT [sec].[ApplicationSection] ([id], [path], [description]) VALUES (211, N'Trade > Consumer > Shop', N'Shop', 1, 0, 0, 0)
----INSERT [sec].[ApplicationSection] ([id], [path], [description]) VALUES (212, N'Trade > Consumer > ppp',  N'PPP',  1, 0, 0, 0)
----INSERT [sec].[ApplicationSection] ([id], [path], [description]) VALUES (213, N'Trade > Consumer > ppp',  N'PPP',  1, 0, 0, 0)

----INSERT [sec].[ApplicationSection] ([id], [path], [description]) VALUES (221, N'Trade > Vendor > Shop', N'Shop', 1, 0, 0, 0)
----INSERT [sec].[ApplicationSection] ([id], [path], [description]) VALUES (222, N'Trade > Vendor > ppp',  N'PPP',  1, 0, 0, 0)
----INSERT [sec].[ApplicationSection] ([id], [path], [description]) VALUES (223, N'Trade > Vendor > ppp',  N'PPP',  1, 0, 0, 0)
--SET IDENTITY_INSERT [sec].[ApplicationSection] OFF
--GO


--INSERT [sec].[SecurityGroup] ([id], [name], [isSystemConfig], [traderEntityOwnerId], [dateCreated], [userCreated], [dateModified], [userModified]) VALUES ('00000000-0000-0000-0000-000000000001', 'Administrator  - Update [All], inc_PaidServices',   1, '00000000-0000-0000-0000-000000000001', '1900-01-01 00:00:00.000', '00000000-0000-0000-0000-000000000001', '1900-01-01 00:00:00.000', '00000000-0000-0000-0000-000000000001')
--INSERT [sec].[SecurityGroup] ([id], [name], [isSystemConfig], [traderEntityOwnerId], [dateCreated], [userCreated], [dateModified], [userModified]) VALUES ('00000000-0000-0000-0000-000000000002', 'Guest          - ViewOnly [All], ex_SensitiveInfo', 1, '00000000-0000-0000-0000-000000000001', '1900-01-01 00:00:00.000', '00000000-0000-0000-0000-000000000001', '1900-01-01 00:00:00.000', '00000000-0000-0000-0000-000000000001')
--INSERT [sec].[SecurityGroup] ([id], [name], [isSystemConfig], [traderEntityOwnerId], [dateCreated], [userCreated], [dateModified], [userModified]) VALUES ('00000000-0000-0000-0000-000000000003', 'Volunteer/Apprentice - Update [FRM] & View [All]',  1, '00000000-0000-0000-0000-000000000001', '1900-01-01 00:00:00.000', '00000000-0000-0000-0000-000000000001', '1900-01-01 00:00:00.000', '00000000-0000-0000-0000-000000000001')
--INSERT [sec].[SecurityGroup] ([id], [name], [isSystemConfig], [traderEntityOwnerId], [dateCreated], [userCreated], [dateModified], [userModified]) VALUES ('00000000-0000-0000-0000-000000000004', 'PowerUser      - Update [TE] & View [All]',         1, '00000000-0000-0000-0000-000000000001', '1900-01-01 00:00:00.000', '00000000-0000-0000-0000-000000000001', '1900-01-01 00:00:00.000', '00000000-0000-0000-0000-000000000001')
--INSERT [sec].[SecurityGroup] ([id], [name], [isSystemConfig], [traderEntityOwnerId], [dateCreated], [userCreated], [dateModified], [userModified]) VALUES ('00000000-0000-0000-0000-000000000005', 'Buyer_Consumer - View [TE] & Update [Buy]',         1, '00000000-0000-0000-0000-000000000001', '1900-01-01 00:00:00.000', '00000000-0000-0000-0000-000000000001', '1900-01-01 00:00:00.000', '00000000-0000-0000-0000-000000000001')
--INSERT [sec].[SecurityGroup] ([id], [name], [isSystemConfig], [traderEntityOwnerId], [dateCreated], [userCreated], [dateModified], [userModified]) VALUES ('00000000-0000-0000-0000-000000000006', 'Seller_Grower  - View [TE] & Update [Sell]',        1, '00000000-0000-0000-0000-000000000001', '1900-01-01 00:00:00.000', '00000000-0000-0000-0000-000000000001', '1900-01-01 00:00:00.000', '00000000-0000-0000-0000-000000000001')
--GO


----TraderEntity_Admin
----INSERT [sec].[PermissionDetail] ([id], [securityGroupId], [applicationSectionId], [allowedView], [allowedAdd], [allowedUpdate], [allowedDelete], [dateModified], [userModified]) VALUES ('10000000-0000-0000-0000-000000000001', '00000000-0000-0000-0000-000000000001', 1,   1, 0, 0, 0, '1900-01-01 00:00:00.000', '00000000-0000-0000-0000-000000000001') --Auth                                       : Auth
----INSERT [sec].[PermissionDetail] ([id], [securityGroupId], [applicationSectionId], [allowedView], [allowedAdd], [allowedUpdate], [allowedDelete], [dateModified], [userModified]) VALUES ('10000000-0000-0000-0000-000000000002', '00000000-0000-0000-0000-000000000001', 2,   1, 0, 0, 0, '1900-01-01 00:00:00.000', '00000000-0000-0000-0000-000000000001') --Trade                                      : Trade
----INSERT [sec].[PermissionDetail] ([id], [securityGroupId], [applicationSectionId], [allowedView], [allowedAdd], [allowedUpdate], [allowedDelete], [dateModified], [userModified]) VALUES ('10000000-0000-0000-0000-000000000003', '00000000-0000-0000-0000-000000000001', 3,   1, 0, 0, 0, '1900-01-01 00:00:00.000', '00000000-0000-0000-0000-000000000001') --Community Reviews                          : Community Reviews
----INSERT [sec].[PermissionDetail] ([id], [securityGroupId], [applicationSectionId], [allowedView], [allowedAdd], [allowedUpdate], [allowedDelete], [dateModified], [userModified]) VALUES ('10000000-0000-0000-0000-000000000004', '00000000-0000-0000-0000-000000000001', 4,   1, 1, 1, 1, '1900-01-01 00:00:00.000', '00000000-0000-0000-0000-000000000001') --Social Forums                              : Social Forums
----INSERT [sec].[PermissionDetail] ([id], [securityGroupId], [applicationSectionId], [allowedView], [allowedAdd], [allowedUpdate], [allowedDelete], [dateModified], [userModified]) VALUES ('10000000-0000-0000-0000-000000000011', '00000000-0000-0000-0000-000000000001', 11,  1, 1, 1, 1, '1900-01-01 00:00:00.000', '00000000-0000-0000-0000-000000000001') --Auth > Personal Profile                    : Manage Personal Profile
--INSERT [sec].[PermissionDetail] ([id], [securityGroupId], [applicationSectionId], [allowedView], [allowedAdd], [allowedUpdate], [allowedDelete], [dateModified], [userModified]) VALUES ('10000000-0000-0000-0000-000000000012', '00000000-0000-0000-0000-000000000001', 12,  1, 0, 0, 0, '1900-01-01 00:00:00.000', '00000000-0000-0000-0000-000000000001') --Auth > Trader Entitys                      : Manage Trader Entitys
--INSERT [sec].[PermissionDetail] ([id], [securityGroupId], [applicationSectionId], [allowedView], [allowedAdd], [allowedUpdate], [allowedDelete], [dateModified], [userModified]) VALUES ('10000000-0000-0000-0000-000000000013', '00000000-0000-0000-0000-000000000001', 13,  1, 0, 0, 0, '1900-01-01 00:00:00.000', '00000000-0000-0000-0000-000000000001') --Auth > Paid Services                       : Manage Paid Services
--INSERT [sec].[PermissionDetail] ([id], [securityGroupId], [applicationSectionId], [allowedView], [allowedAdd], [allowedUpdate], [allowedDelete], [dateModified], [userModified]) VALUES ('10000000-0000-0000-0000-000000000014', '00000000-0000-0000-0000-000000000001', 14,  1, 1, 1, 1, '1900-01-01 00:00:00.000', '00000000-0000-0000-0000-000000000001') --Auth > AddIns                              : Manage AddIns
--INSERT [sec].[PermissionDetail] ([id], [securityGroupId], [applicationSectionId], [allowedView], [allowedAdd], [allowedUpdate], [allowedDelete], [dateModified], [userModified]) VALUES ('10000000-0000-0000-0000-000000000121', '00000000-0000-0000-0000-000000000001', 121, 1, 1, 1, 1, '1900-01-01 00:00:00.000', '00000000-0000-0000-0000-000000000001') --Auth > Trader Entitys > Overview           : Trader Overview
--INSERT [sec].[PermissionDetail] ([id], [securityGroupId], [applicationSectionId], [allowedView], [allowedAdd], [allowedUpdate], [allowedDelete], [dateModified], [userModified]) VALUES ('10000000-0000-0000-0000-000000000122', '00000000-0000-0000-0000-000000000001', 122, 1, 1, 1, 1, '1900-01-01 00:00:00.000', '00000000-0000-0000-0000-000000000001') --Auth > Trader Entitys > Contact Details    : Trader Contact Details
--INSERT [sec].[PermissionDetail] ([id], [securityGroupId], [applicationSectionId], [allowedView], [allowedAdd], [allowedUpdate], [allowedDelete], [dateModified], [userModified]) VALUES ('10000000-0000-0000-0000-000000000123', '00000000-0000-0000-0000-000000000001', 123, 1, 1, 1, 1, '1900-01-01 00:00:00.000', '00000000-0000-0000-0000-000000000001') --Auth > Trader Entitys > Location           : Trader Location
--INSERT [sec].[PermissionDetail] ([id], [securityGroupId], [applicationSectionId], [allowedView], [allowedAdd], [allowedUpdate], [allowedDelete], [dateModified], [userModified]) VALUES ('10000000-0000-0000-0000-000000000124', '00000000-0000-0000-0000-000000000001', 124, 1, 1, 1, 1, '1900-01-01 00:00:00.000', '00000000-0000-0000-0000-000000000001') --Auth > Trader Entitys > Linked Rights      : Trader Linked Accounts & Rights
--INSERT [sec].[PermissionDetail] ([id], [securityGroupId], [applicationSectionId], [allowedView], [allowedAdd], [allowedUpdate], [allowedDelete], [dateModified], [userModified]) VALUES ('10000000-0000-0000-0000-000000000125', '00000000-0000-0000-0000-000000000001', 125, 1, 1, 1, 1, '1900-01-01 00:00:00.000', '00000000-0000-0000-0000-000000000001') --Auth > Trader Entitys > Delivery Config    : Delivery Config
--INSERT [sec].[PermissionDetail] ([id], [securityGroupId], [applicationSectionId], [allowedView], [allowedAdd], [allowedUpdate], [allowedDelete], [dateModified], [userModified]) VALUES ('10000000-0000-0000-0000-000000000126', '00000000-0000-0000-0000-000000000001', 126, 1, 1, 1, 1, '1900-01-01 00:00:00.000', '00000000-0000-0000-0000-000000000001') --Auth > Trader Entitys > Payment Methods    : Payment Methods
--INSERT [sec].[PermissionDetail] ([id], [securityGroupId], [applicationSectionId], [allowedView], [allowedAdd], [allowedUpdate], [allowedDelete], [dateModified], [userModified]) VALUES ('10000000-0000-0000-0000-000000000127', '00000000-0000-0000-0000-000000000001', 127, 1, 1, 1, 1, '1900-01-01 00:00:00.000', '00000000-0000-0000-0000-000000000001') --Auth > Trader Entitys > Manage Goods       : Manage Goods
--INSERT [sec].[PermissionDetail] ([id], [securityGroupId], [applicationSectionId], [allowedView], [allowedAdd], [allowedUpdate], [allowedDelete], [dateModified], [userModified]) VALUES ('10000000-0000-0000-0000-000000000128', '00000000-0000-0000-0000-000000000001', 128, 1, 1, 1, 1, '1900-01-01 00:00:00.000', '00000000-0000-0000-0000-000000000001') --Auth > Trader Entitys > Managed Services   : Managed Services
--INSERT [sec].[PermissionDetail] ([id], [securityGroupId], [applicationSectionId], [allowedView], [allowedAdd], [allowedUpdate], [allowedDelete], [dateModified], [userModified]) VALUES ('10000000-0000-0000-0000-000000000129', '00000000-0000-0000-0000-000000000001', 129, 1, 0, 0, 0, '1900-01-01 00:00:00.000', '00000000-0000-0000-0000-000000000001') --Auth > Trader Entitys > Actions Log        : Actions Log
--INSERT [sec].[PermissionDetail] ([id], [securityGroupId], [applicationSectionId], [allowedView], [allowedAdd], [allowedUpdate], [allowedDelete], [dateModified], [userModified]) VALUES ('10000000-0000-0000-0000-000000000131', '00000000-0000-0000-0000-000000000001', 131, 1, 1, 1, 1, '1900-01-01 00:00:00.000', '00000000-0000-0000-0000-000000000001') --Auth > Paid Services > Subscriptions       : Subscriptions
--INSERT [sec].[PermissionDetail] ([id], [securityGroupId], [applicationSectionId], [allowedView], [allowedAdd], [allowedUpdate], [allowedDelete], [dateModified], [userModified]) VALUES ('10000000-0000-0000-0000-000000000132', '00000000-0000-0000-0000-000000000001', 132, 1, 1, 1, 1, '1900-01-01 00:00:00.000', '00000000-0000-0000-0000-000000000001') --Auth > Paid Services > Setup Simulator     : Setup Simulator
--INSERT [sec].[PermissionDetail] ([id], [securityGroupId], [applicationSectionId], [allowedView], [allowedAdd], [allowedUpdate], [allowedDelete], [dateModified], [userModified]) VALUES ('10000000-0000-0000-0000-000000000133', '00000000-0000-0000-0000-000000000001', 133, 1, 1, 1, 1, '1900-01-01 00:00:00.000', '00000000-0000-0000-0000-000000000001') --Auth > Paid Services > Machine Learning    : Machine Learning
--INSERT [sec].[PermissionDetail] ([id], [securityGroupId], [applicationSectionId], [allowedView], [allowedAdd], [allowedUpdate], [allowedDelete], [dateModified], [userModified]) VALUES ('10000000-0000-0000-0000-000000000134', '00000000-0000-0000-0000-000000000001', 134, 1, 1, 1, 1, '1900-01-01 00:00:00.000', '00000000-0000-0000-0000-000000000001') --Auth > Paid Services > Weather Alert       : Weather Alert
--INSERT [sec].[PermissionDetail] ([id], [securityGroupId], [applicationSectionId], [allowedView], [allowedAdd], [allowedUpdate], [allowedDelete], [dateModified], [userModified]) VALUES ('10000000-0000-0000-0000-000000000135', '00000000-0000-0000-0000-000000000001', 135, 1, 1, 1, 1, '1900-01-01 00:00:00.000', '00000000-0000-0000-0000-000000000001') --Auth > Paid Services > Location Leveraging : Leveraging Location Data
--INSERT [sec].[PermissionDetail] ([id], [securityGroupId], [applicationSectionId], [allowedView], [allowedAdd], [allowedUpdate], [allowedDelete], [dateModified], [userModified]) VALUES ('10000000-0000-0000-0000-000000000021', '00000000-0000-0000-0000-000000000001', 21,  1, 0, 0, 0, '1900-01-01 00:00:00.000', '00000000-0000-0000-0000-000000000001') --Trade > Consumer                           : Buyer
--INSERT [sec].[PermissionDetail] ([id], [securityGroupId], [applicationSectionId], [allowedView], [allowedAdd], [allowedUpdate], [allowedDelete], [dateModified], [userModified]) VALUES ('10000000-0000-0000-0000-000000000022', '00000000-0000-0000-0000-000000000001', 22,  1, 0, 0, 0, '1900-01-01 00:00:00.000', '00000000-0000-0000-0000-000000000001') --Trade > Vendor                             : Grower/Seller
--INSERT [sec].[PermissionDetail] ([id], [securityGroupId], [applicationSectionId], [allowedView], [allowedAdd], [allowedUpdate], [allowedDelete], [dateModified], [userModified]) VALUES ('10000000-0000-0000-0000-000000000023', '00000000-0000-0000-0000-000000000001', 23,  1, 0, 0, 0, '1900-01-01 00:00:00.000', '00000000-0000-0000-0000-000000000001') --Trade > Spoilage                           : Spoilage
----TraderEntity_Admin

----ReadOnly
----INSERT [sec].[PermissionDetail] ([id], [securityGroupId], [applicationSectionId], [allowedView], [allowedAdd], [allowedUpdate], [allowedDelete], [dateModified], [userModified]) VALUES ('20000000-0000-0000-0000-000000000001', '00000000-0000-0000-0000-000000000002', 1,   1, 0, 0, 0, '1900-01-01 00:00:00.000', '00000000-0000-0000-0000-000000000001') --Auth                                       : Auth
----INSERT [sec].[PermissionDetail] ([id], [securityGroupId], [applicationSectionId], [allowedView], [allowedAdd], [allowedUpdate], [allowedDelete], [dateModified], [userModified]) VALUES ('20000000-0000-0000-0000-000000000002', '00000000-0000-0000-0000-000000000002', 2,   1, 0, 0, 0, '1900-01-01 00:00:00.000', '00000000-0000-0000-0000-000000000001') --Trade                                      : Trade
----INSERT [sec].[PermissionDetail] ([id], [securityGroupId], [applicationSectionId], [allowedView], [allowedAdd], [allowedUpdate], [allowedDelete], [dateModified], [userModified]) VALUES ('20000000-0000-0000-0000-000000000003', '00000000-0000-0000-0000-000000000002', 3,   0, 0, 0, 0, '1900-01-01 00:00:00.000', '00000000-0000-0000-0000-000000000001') --Community Reviews                          : Community Reviews
----INSERT [sec].[PermissionDetail] ([id], [securityGroupId], [applicationSectionId], [allowedView], [allowedAdd], [allowedUpdate], [allowedDelete], [dateModified], [userModified]) VALUES ('20000000-0000-0000-0000-000000000004', '00000000-0000-0000-0000-000000000002', 4,   0, 0, 0, 0, '1900-01-01 00:00:00.000', '00000000-0000-0000-0000-000000000001') --Social Forums                              : Social Forums
----INSERT [sec].[PermissionDetail] ([id], [securityGroupId], [applicationSectionId], [allowedView], [allowedAdd], [allowedUpdate], [allowedDelete], [dateModified], [userModified]) VALUES ('20000000-0000-0000-0000-000000000011', '00000000-0000-0000-0000-000000000002', 11,  0, 0, 0, 0, '1900-01-01 00:00:00.000', '00000000-0000-0000-0000-000000000001') --Auth > Personal Profile                    : Manage Personal Profile*/
--INSERT [sec].[PermissionDetail] ([id], [securityGroupId], [applicationSectionId], [allowedView], [allowedAdd], [allowedUpdate], [allowedDelete], [dateModified], [userModified]) VALUES ('20000000-0000-0000-0000-000000000012', '00000000-0000-0000-0000-000000000002', 12,  1, 0, 0, 0, '1900-01-01 00:00:00.000', '00000000-0000-0000-0000-000000000001') --Auth > Trader Entitys                      : Manage Trader Entitys
----INSERT [sec].[PermissionDetail] ([id], [securityGroupId], [applicationSectionId], [allowedView], [allowedAdd], [allowedUpdate], [allowedDelete], [dateModified], [userModified]) VALUES ('20000000-0000-0000-0000-000000000013', '00000000-0000-0000-0000-000000000002', 13,  0, 0, 0, 0, '1900-01-01 00:00:00.000', '00000000-0000-0000-0000-000000000001') --Auth > Paid Services                       : Manage Paid Services
----INSERT [sec].[PermissionDetail] ([id], [securityGroupId], [applicationSectionId], [allowedView], [allowedAdd], [allowedUpdate], [allowedDelete], [dateModified], [userModified]) VALUES ('20000000-0000-0000-0000-000000000014', '00000000-0000-0000-0000-000000000002', 14,  0, 0, 0, 0, '1900-01-01 00:00:00.000', '00000000-0000-0000-0000-000000000001') --Auth > AddIns                              : Manage AddIns
--INSERT [sec].[PermissionDetail] ([id], [securityGroupId], [applicationSectionId], [allowedView], [allowedAdd], [allowedUpdate], [allowedDelete], [dateModified], [userModified]) VALUES ('20000000-0000-0000-0000-000000000121', '00000000-0000-0000-0000-000000000002', 121, 1, 0, 0, 0, '1900-01-01 00:00:00.000', '00000000-0000-0000-0000-000000000001') --Auth > Trader Entitys > Overview           : Trader Overview
--INSERT [sec].[PermissionDetail] ([id], [securityGroupId], [applicationSectionId], [allowedView], [allowedAdd], [allowedUpdate], [allowedDelete], [dateModified], [userModified]) VALUES ('20000000-0000-0000-0000-000000000122', '00000000-0000-0000-0000-000000000002', 122, 1, 0, 0, 0, '1900-01-01 00:00:00.000', '00000000-0000-0000-0000-000000000001') --Auth > Trader Entitys > Contact Details    : Trader Contact Details
--INSERT [sec].[PermissionDetail] ([id], [securityGroupId], [applicationSectionId], [allowedView], [allowedAdd], [allowedUpdate], [allowedDelete], [dateModified], [userModified]) VALUES ('20000000-0000-0000-0000-000000000123', '00000000-0000-0000-0000-000000000002', 123, 1, 0, 0, 0, '1900-01-01 00:00:00.000', '00000000-0000-0000-0000-000000000001') --Auth > Trader Entitys > Location           : Trader Location
--INSERT [sec].[PermissionDetail] ([id], [securityGroupId], [applicationSectionId], [allowedView], [allowedAdd], [allowedUpdate], [allowedDelete], [dateModified], [userModified]) VALUES ('20000000-0000-0000-0000-000000000124', '00000000-0000-0000-0000-000000000002', 124, 1, 0, 0, 0, '1900-01-01 00:00:00.000', '00000000-0000-0000-0000-000000000001') --Auth > Trader Entitys > Linked Rights      : Trader Linked Accounts & Rights
----INSERT [sec].[PermissionDetail] ([id], [securityGroupId], [applicationSectionId], [allowedView], [allowedAdd], [allowedUpdate], [allowedDelete], [dateModified], [userModified]) VALUES ('20000000-0000-0000-0000-000000000125', '00000000-0000-0000-0000-000000000002', 125, 0, 0, 0, 0, '1900-01-01 00:00:00.000', '00000000-0000-0000-0000-000000000001') --Auth > Trader Entitys > Delivery Config    : Delivery Config
----INSERT [sec].[PermissionDetail] ([id], [securityGroupId], [applicationSectionId], [allowedView], [allowedAdd], [allowedUpdate], [allowedDelete], [dateModified], [userModified]) VALUES ('20000000-0000-0000-0000-000000000126', '00000000-0000-0000-0000-000000000002', 126, 0, 0, 0, 0, '1900-01-01 00:00:00.000', '00000000-0000-0000-0000-000000000001') --Auth > Trader Entitys > Payment Methods    : Payment Methods
--INSERT [sec].[PermissionDetail] ([id], [securityGroupId], [applicationSectionId], [allowedView], [allowedAdd], [allowedUpdate], [allowedDelete], [dateModified], [userModified]) VALUES ('20000000-0000-0000-0000-000000000127', '00000000-0000-0000-0000-000000000002', 127, 1, 0, 0, 0, '1900-01-01 00:00:00.000', '00000000-0000-0000-0000-000000000001') --Auth > Trader Entitys > Manage Goods       : Manage Goods
--INSERT [sec].[PermissionDetail] ([id], [securityGroupId], [applicationSectionId], [allowedView], [allowedAdd], [allowedUpdate], [allowedDelete], [dateModified], [userModified]) VALUES ('20000000-0000-0000-0000-000000000128', '00000000-0000-0000-0000-000000000002', 128, 1, 0, 0, 0, '1900-01-01 00:00:00.000', '00000000-0000-0000-0000-000000000001') --Auth > Trader Entitys > Managed Services   : Managed Services
----INSERT [sec].[PermissionDetail] ([id], [securityGroupId], [applicationSectionId], [allowedView], [allowedAdd], [allowedUpdate], [allowedDelete], [dateModified], [userModified]) VALUES ('20000000-0000-0000-0000-000000000129', '00000000-0000-0000-0000-000000000002', 129, 0, 0, 0, 0, '1900-01-01 00:00:00.000', '00000000-0000-0000-0000-000000000001') --Auth > Trader Entitys > Actions Log        : Actions Log
----INSERT [sec].[PermissionDetail] ([id], [securityGroupId], [applicationSectionId], [allowedView], [allowedAdd], [allowedUpdate], [allowedDelete], [dateModified], [userModified]) VALUES ('20000000-0000-0000-0000-000000000131', '00000000-0000-0000-0000-000000000002', 131, 0, 0, 0, 0, '1900-01-01 00:00:00.000', '00000000-0000-0000-0000-000000000001') --Auth > Paid Services > Subscriptions       : Subscriptions
----INSERT [sec].[PermissionDetail] ([id], [securityGroupId], [applicationSectionId], [allowedView], [allowedAdd], [allowedUpdate], [allowedDelete], [dateModified], [userModified]) VALUES ('20000000-0000-0000-0000-000000000132', '00000000-0000-0000-0000-000000000002', 132, 0, 0, 0, 0, '1900-01-01 00:00:00.000', '00000000-0000-0000-0000-000000000001') --Auth > Paid Services > Setup Simulator     : Setup Simulator
----INSERT [sec].[PermissionDetail] ([id], [securityGroupId], [applicationSectionId], [allowedView], [allowedAdd], [allowedUpdate], [allowedDelete], [dateModified], [userModified]) VALUES ('20000000-0000-0000-0000-000000000133', '00000000-0000-0000-0000-000000000002', 133, 0, 0, 0, 0, '1900-01-01 00:00:00.000', '00000000-0000-0000-0000-000000000001') --Auth > Paid Services > Machine Learning    : Machine Learning
----INSERT [sec].[PermissionDetail] ([id], [securityGroupId], [applicationSectionId], [allowedView], [allowedAdd], [allowedUpdate], [allowedDelete], [dateModified], [userModified]) VALUES ('20000000-0000-0000-0000-000000000134', '00000000-0000-0000-0000-000000000002', 134, 0, 0, 0, 0, '1900-01-01 00:00:00.000', '00000000-0000-0000-0000-000000000001') --Auth > Paid Services > Weather Alert       : Weather Alert
----INSERT [sec].[PermissionDetail] ([id], [securityGroupId], [applicationSectionId], [allowedView], [allowedAdd], [allowedUpdate], [allowedDelete], [dateModified], [userModified]) VALUES ('20000000-0000-0000-0000-000000000135', '00000000-0000-0000-0000-000000000002', 135, 0, 0, 0, 0, '1900-01-01 00:00:00.000', '00000000-0000-0000-0000-000000000001') --Auth > Paid Services > Location Leveraging : Leveraging Location Data
--INSERT [sec].[PermissionDetail] ([id], [securityGroupId], [applicationSectionId], [allowedView], [allowedAdd], [allowedUpdate], [allowedDelete], [dateModified], [userModified]) VALUES ('20000000-0000-0000-0000-000000000021', '00000000-0000-0000-0000-000000000002', 21,  1, 0, 0, 0, '1900-01-01 00:00:00.000', '00000000-0000-0000-0000-000000000001') --Trade > Consumer                           : Buyer
--INSERT [sec].[PermissionDetail] ([id], [securityGroupId], [applicationSectionId], [allowedView], [allowedAdd], [allowedUpdate], [allowedDelete], [dateModified], [userModified]) VALUES ('20000000-0000-0000-0000-000000000022', '00000000-0000-0000-0000-000000000002', 22,  1, 0, 0, 0, '1900-01-01 00:00:00.000', '00000000-0000-0000-0000-000000000001') --Trade > Vendor                             : Grower/Seller
--INSERT [sec].[PermissionDetail] ([id], [securityGroupId], [applicationSectionId], [allowedView], [allowedAdd], [allowedUpdate], [allowedDelete], [dateModified], [userModified]) VALUES ('20000000-0000-0000-0000-000000000023', '00000000-0000-0000-0000-000000000002', 23,  1, 0, 0, 0, '1900-01-01 00:00:00.000', '00000000-0000-0000-0000-000000000001') --Trade > Spoilage                           : Spoilage
----ReadOnly

----PowerUser
----INSERT [sec].[PermissionDetail] ([id], [securityGroupId], [applicationSectionId], [allowedView], [allowedAdd], [allowedUpdate], [allowedDelete], [dateModified], [userModified]) VALUES ('30000000-0000-0000-0000-000000000001', '00000000-0000-0000-0000-000000000003', 1,   1, 0, 0, 0, '1900-01-01 00:00:00.000', '00000000-0000-0000-0000-000000000001') --Auth                                       : Auth
----INSERT [sec].[PermissionDetail] ([id], [securityGroupId], [applicationSectionId], [allowedView], [allowedAdd], [allowedUpdate], [allowedDelete], [dateModified], [userModified]) VALUES ('30000000-0000-0000-0000-000000000002', '00000000-0000-0000-0000-000000000003', 2,   1, 0, 0, 0, '1900-01-01 00:00:00.000', '00000000-0000-0000-0000-000000000001') --Trade                                      : Trade
----INSERT [sec].[PermissionDetail] ([id], [securityGroupId], [applicationSectionId], [allowedView], [allowedAdd], [allowedUpdate], [allowedDelete], [dateModified], [userModified]) VALUES ('30000000-0000-0000-0000-000000000003', '00000000-0000-0000-0000-000000000003', 3,   1, 0, 0, 0, '1900-01-01 00:00:00.000', '00000000-0000-0000-0000-000000000001') --Community Reviews                          : Community Reviews
----INSERT [sec].[PermissionDetail] ([id], [securityGroupId], [applicationSectionId], [allowedView], [allowedAdd], [allowedUpdate], [allowedDelete], [dateModified], [userModified]) VALUES ('30000000-0000-0000-0000-000000000004', '00000000-0000-0000-0000-000000000003', 4,   1, 1, 1, 1, '1900-01-01 00:00:00.000', '00000000-0000-0000-0000-000000000001') --Social Forums                              : Social Forums
----INSERT [sec].[PermissionDetail] ([id], [securityGroupId], [applicationSectionId], [allowedView], [allowedAdd], [allowedUpdate], [allowedDelete], [dateModified], [userModified]) VALUES ('30000000-0000-0000-0000-000000000011', '00000000-0000-0000-0000-000000000003', 11,  1, 1, 1, 1, '1900-01-01 00:00:00.000', '00000000-0000-0000-0000-000000000001') --Auth > Personal Profile                    : Manage Personal Profile
--INSERT [sec].[PermissionDetail] ([id], [securityGroupId], [applicationSectionId], [allowedView], [allowedAdd], [allowedUpdate], [allowedDelete], [dateModified], [userModified]) VALUES ('30000000-0000-0000-0000-000000000012', '00000000-0000-0000-0000-000000000003', 12,  1, 0, 0, 0, '1900-01-01 00:00:00.000', '00000000-0000-0000-0000-000000000001') --Auth > Trader Entitys                      : Manage Trader Entitys
--INSERT [sec].[PermissionDetail] ([id], [securityGroupId], [applicationSectionId], [allowedView], [allowedAdd], [allowedUpdate], [allowedDelete], [dateModified], [userModified]) VALUES ('30000000-0000-0000-0000-000000000013', '00000000-0000-0000-0000-000000000003', 13,  1, 0, 0, 0, '1900-01-01 00:00:00.000', '00000000-0000-0000-0000-000000000001') --Auth > Paid Services                       : Manage Paid Services
--INSERT [sec].[PermissionDetail] ([id], [securityGroupId], [applicationSectionId], [allowedView], [allowedAdd], [allowedUpdate], [allowedDelete], [dateModified], [userModified]) VALUES ('30000000-0000-0000-0000-000000000014', '00000000-0000-0000-0000-000000000003', 14,  1, 1, 1, 1, '1900-01-01 00:00:00.000', '00000000-0000-0000-0000-000000000001') --Auth > AddIns                              : Manage AddIns
--INSERT [sec].[PermissionDetail] ([id], [securityGroupId], [applicationSectionId], [allowedView], [allowedAdd], [allowedUpdate], [allowedDelete], [dateModified], [userModified]) VALUES ('30000000-0000-0000-0000-000000000121', '00000000-0000-0000-0000-000000000003', 121, 1, 1, 1, 1, '1900-01-01 00:00:00.000', '00000000-0000-0000-0000-000000000001') --Auth > Trader Entitys > Overview           : Trader Overview
--INSERT [sec].[PermissionDetail] ([id], [securityGroupId], [applicationSectionId], [allowedView], [allowedAdd], [allowedUpdate], [allowedDelete], [dateModified], [userModified]) VALUES ('30000000-0000-0000-0000-000000000122', '00000000-0000-0000-0000-000000000003', 122, 1, 1, 1, 1, '1900-01-01 00:00:00.000', '00000000-0000-0000-0000-000000000001') --Auth > Trader Entitys > Contact Details    : Trader Contact Details
--INSERT [sec].[PermissionDetail] ([id], [securityGroupId], [applicationSectionId], [allowedView], [allowedAdd], [allowedUpdate], [allowedDelete], [dateModified], [userModified]) VALUES ('30000000-0000-0000-0000-000000000123', '00000000-0000-0000-0000-000000000003', 123, 1, 1, 1, 1, '1900-01-01 00:00:00.000', '00000000-0000-0000-0000-000000000001') --Auth > Trader Entitys > Location           : Trader Location
--INSERT [sec].[PermissionDetail] ([id], [securityGroupId], [applicationSectionId], [allowedView], [allowedAdd], [allowedUpdate], [allowedDelete], [dateModified], [userModified]) VALUES ('30000000-0000-0000-0000-000000000124', '00000000-0000-0000-0000-000000000003', 124, 1, 1, 1, 1, '1900-01-01 00:00:00.000', '00000000-0000-0000-0000-000000000001') --Auth > Trader Entitys > Linked Rights      : Trader Linked Accounts & Rights
--INSERT [sec].[PermissionDetail] ([id], [securityGroupId], [applicationSectionId], [allowedView], [allowedAdd], [allowedUpdate], [allowedDelete], [dateModified], [userModified]) VALUES ('30000000-0000-0000-0000-000000000125', '00000000-0000-0000-0000-000000000003', 125, 1, 1, 1, 1, '1900-01-01 00:00:00.000', '00000000-0000-0000-0000-000000000001') --Auth > Trader Entitys > Delivery Config    : Delivery Config
--INSERT [sec].[PermissionDetail] ([id], [securityGroupId], [applicationSectionId], [allowedView], [allowedAdd], [allowedUpdate], [allowedDelete], [dateModified], [userModified]) VALUES ('30000000-0000-0000-0000-000000000126', '00000000-0000-0000-0000-000000000003', 126, 1, 0, 0, 0, '1900-01-01 00:00:00.000', '00000000-0000-0000-0000-000000000001') --Auth > Trader Entitys > Payment Methods    : Payment Methods
--INSERT [sec].[PermissionDetail] ([id], [securityGroupId], [applicationSectionId], [allowedView], [allowedAdd], [allowedUpdate], [allowedDelete], [dateModified], [userModified]) VALUES ('30000000-0000-0000-0000-000000000127', '00000000-0000-0000-0000-000000000003', 127, 1, 1, 1, 1, '1900-01-01 00:00:00.000', '00000000-0000-0000-0000-000000000001') --Auth > Trader Entitys > Manage Goods       : Manage Goods
--INSERT [sec].[PermissionDetail] ([id], [securityGroupId], [applicationSectionId], [allowedView], [allowedAdd], [allowedUpdate], [allowedDelete], [dateModified], [userModified]) VALUES ('30000000-0000-0000-0000-000000000128', '00000000-0000-0000-0000-000000000003', 128, 1, 1, 1, 1, '1900-01-01 00:00:00.000', '00000000-0000-0000-0000-000000000001') --Auth > Trader Entitys > Managed Services   : Managed Services
--INSERT [sec].[PermissionDetail] ([id], [securityGroupId], [applicationSectionId], [allowedView], [allowedAdd], [allowedUpdate], [allowedDelete], [dateModified], [userModified]) VALUES ('30000000-0000-0000-0000-000000000129', '00000000-0000-0000-0000-000000000003', 129, 1, 0, 0, 0, '1900-01-01 00:00:00.000', '00000000-0000-0000-0000-000000000001') --Auth > Trader Entitys > Actions Log        : Actions Log
--INSERT [sec].[PermissionDetail] ([id], [securityGroupId], [applicationSectionId], [allowedView], [allowedAdd], [allowedUpdate], [allowedDelete], [dateModified], [userModified]) VALUES ('30000000-0000-0000-0000-000000000131', '00000000-0000-0000-0000-000000000003', 131, 1, 0, 0, 0, '1900-01-01 00:00:00.000', '00000000-0000-0000-0000-000000000001') --Auth > Paid Services > Subscriptions       : Subscriptions
--INSERT [sec].[PermissionDetail] ([id], [securityGroupId], [applicationSectionId], [allowedView], [allowedAdd], [allowedUpdate], [allowedDelete], [dateModified], [userModified]) VALUES ('30000000-0000-0000-0000-000000000132', '00000000-0000-0000-0000-000000000003', 132, 1, 0, 0, 0, '1900-01-01 00:00:00.000', '00000000-0000-0000-0000-000000000001') --Auth > Paid Services > Setup Simulator     : Setup Simulator
--INSERT [sec].[PermissionDetail] ([id], [securityGroupId], [applicationSectionId], [allowedView], [allowedAdd], [allowedUpdate], [allowedDelete], [dateModified], [userModified]) VALUES ('30000000-0000-0000-0000-000000000133', '00000000-0000-0000-0000-000000000003', 133, 1, 0, 0, 0, '1900-01-01 00:00:00.000', '00000000-0000-0000-0000-000000000001') --Auth > Paid Services > Machine Learning    : Machine Learning
--INSERT [sec].[PermissionDetail] ([id], [securityGroupId], [applicationSectionId], [allowedView], [allowedAdd], [allowedUpdate], [allowedDelete], [dateModified], [userModified]) VALUES ('30000000-0000-0000-0000-000000000134', '00000000-0000-0000-0000-000000000003', 134, 1, 0, 0, 0, '1900-01-01 00:00:00.000', '00000000-0000-0000-0000-000000000001') --Auth > Paid Services > Weather Alert       : Weather Alert
--INSERT [sec].[PermissionDetail] ([id], [securityGroupId], [applicationSectionId], [allowedView], [allowedAdd], [allowedUpdate], [allowedDelete], [dateModified], [userModified]) VALUES ('30000000-0000-0000-0000-000000000135', '00000000-0000-0000-0000-000000000003', 135, 1, 0, 0, 0, '1900-01-01 00:00:00.000', '00000000-0000-0000-0000-000000000001') --Auth > Paid Services > Location Leveraging : Leveraging Location Data
--INSERT [sec].[PermissionDetail] ([id], [securityGroupId], [applicationSectionId], [allowedView], [allowedAdd], [allowedUpdate], [allowedDelete], [dateModified], [userModified]) VALUES ('30000000-0000-0000-0000-000000000021', '00000000-0000-0000-0000-000000000003', 21,  1, 0, 0, 0, '1900-01-01 00:00:00.000', '00000000-0000-0000-0000-000000000001') --Trade > Consumer                           : Buyer
--INSERT [sec].[PermissionDetail] ([id], [securityGroupId], [applicationSectionId], [allowedView], [allowedAdd], [allowedUpdate], [allowedDelete], [dateModified], [userModified]) VALUES ('30000000-0000-0000-0000-000000000022', '00000000-0000-0000-0000-000000000003', 22,  1, 0, 0, 0, '1900-01-01 00:00:00.000', '00000000-0000-0000-0000-000000000001') --Trade > Vendor                             : Grower/Seller
--INSERT [sec].[PermissionDetail] ([id], [securityGroupId], [applicationSectionId], [allowedView], [allowedAdd], [allowedUpdate], [allowedDelete], [dateModified], [userModified]) VALUES ('30000000-0000-0000-0000-000000000023', '00000000-0000-0000-0000-000000000003', 23,  1, 0, 0, 0, '1900-01-01 00:00:00.000', '00000000-0000-0000-0000-000000000001') --Trade > Spoilage                           : Spoilage
----PowerUser



----Buyer_Consumer
----INSERT [sec].[PermissionDetail] ([id], [securityGroupId], [applicationSectionId], [allowedView], [allowedAdd], [allowedUpdate], [allowedDelete], [dateModified], [userModified]) VALUES ('40000000-0000-0000-0000-000000000001', '00000000-0000-0000-0000-000000000004', 1,   1, 0, 0, 0, '1900-01-01 00:00:00.000', '00000000-0000-0000-0000-000000000001') --Auth                                       : Auth
----INSERT [sec].[PermissionDetail] ([id], [securityGroupId], [applicationSectionId], [allowedView], [allowedAdd], [allowedUpdate], [allowedDelete], [dateModified], [userModified]) VALUES ('40000000-0000-0000-0000-000000000002', '00000000-0000-0000-0000-000000000004', 2,   1, 0, 0, 0, '1900-01-01 00:00:00.000', '00000000-0000-0000-0000-000000000001') --Trade                                      : Trade
----INSERT [sec].[PermissionDetail] ([id], [securityGroupId], [applicationSectionId], [allowedView], [allowedAdd], [allowedUpdate], [allowedDelete], [dateModified], [userModified]) VALUES ('40000000-0000-0000-0000-000000000003', '00000000-0000-0000-0000-000000000004', 3,   1, 0, 0, 0, '1900-01-01 00:00:00.000', '00000000-0000-0000-0000-000000000001') --Community Reviews                          : Community Reviews
----INSERT [sec].[PermissionDetail] ([id], [securityGroupId], [applicationSectionId], [allowedView], [allowedAdd], [allowedUpdate], [allowedDelete], [dateModified], [userModified]) VALUES ('40000000-0000-0000-0000-000000000004', '00000000-0000-0000-0000-000000000004', 4,   1, 1, 1, 1, '1900-01-01 00:00:00.000', '00000000-0000-0000-0000-000000000001') --Social Forums                              : Social Forums
----INSERT [sec].[PermissionDetail] ([id], [securityGroupId], [applicationSectionId], [allowedView], [allowedAdd], [allowedUpdate], [allowedDelete], [dateModified], [userModified]) VALUES ('40000000-0000-0000-0000-000000000011', '00000000-0000-0000-0000-000000000004', 11,  1, 1, 1, 1, '1900-01-01 00:00:00.000', '00000000-0000-0000-0000-000000000001') --Auth > Personal Profile                    : Manage Personal Profile
--INSERT [sec].[PermissionDetail] ([id], [securityGroupId], [applicationSectionId], [allowedView], [allowedAdd], [allowedUpdate], [allowedDelete], [dateModified], [userModified]) VALUES ('40000000-0000-0000-0000-000000000012', '00000000-0000-0000-0000-000000000004', 12,  1, 0, 0, 0, '1900-01-01 00:00:00.000', '00000000-0000-0000-0000-000000000001') --Auth > Trader Entitys                      : Manage Trader Entitys
----INSERT [sec].[PermissionDetail] ([id], [securityGroupId], [applicationSectionId], [allowedView], [allowedAdd], [allowedUpdate], [allowedDelete], [dateModified], [userModified]) VALUES ('40000000-0000-0000-0000-000000000013', '00000000-0000-0000-0000-000000000004', 13,  0, 0, 0, 0, '1900-01-01 00:00:00.000', '00000000-0000-0000-0000-000000000001') --Auth > Paid Services                       : Manage Paid Services
--INSERT [sec].[PermissionDetail] ([id], [securityGroupId], [applicationSectionId], [allowedView], [allowedAdd], [allowedUpdate], [allowedDelete], [dateModified], [userModified]) VALUES ('40000000-0000-0000-0000-000000000014', '00000000-0000-0000-0000-000000000004', 14,  1, 0, 0, 0, '1900-01-01 00:00:00.000', '00000000-0000-0000-0000-000000000001') --Auth > AddIns                              : Manage AddIns
--INSERT [sec].[PermissionDetail] ([id], [securityGroupId], [applicationSectionId], [allowedView], [allowedAdd], [allowedUpdate], [allowedDelete], [dateModified], [userModified]) VALUES ('40000000-0000-0000-0000-000000000121', '00000000-0000-0000-0000-000000000004', 121, 1, 0, 0, 0, '1900-01-01 00:00:00.000', '00000000-0000-0000-0000-000000000001') --Auth > Trader Entitys > Overview           : Trader Overview
--INSERT [sec].[PermissionDetail] ([id], [securityGroupId], [applicationSectionId], [allowedView], [allowedAdd], [allowedUpdate], [allowedDelete], [dateModified], [userModified]) VALUES ('40000000-0000-0000-0000-000000000122', '00000000-0000-0000-0000-000000000004', 122, 1, 0, 0, 0, '1900-01-01 00:00:00.000', '00000000-0000-0000-0000-000000000001') --Auth > Trader Entitys > Contact Details    : Trader Contact Details
--INSERT [sec].[PermissionDetail] ([id], [securityGroupId], [applicationSectionId], [allowedView], [allowedAdd], [allowedUpdate], [allowedDelete], [dateModified], [userModified]) VALUES ('40000000-0000-0000-0000-000000000123', '00000000-0000-0000-0000-000000000004', 123, 1, 0, 0, 0, '1900-01-01 00:00:00.000', '00000000-0000-0000-0000-000000000001') --Auth > Trader Entitys > Location           : Trader Location
--INSERT [sec].[PermissionDetail] ([id], [securityGroupId], [applicationSectionId], [allowedView], [allowedAdd], [allowedUpdate], [allowedDelete], [dateModified], [userModified]) VALUES ('40000000-0000-0000-0000-000000000124', '00000000-0000-0000-0000-000000000004', 124, 1, 0, 0, 0, '1900-01-01 00:00:00.000', '00000000-0000-0000-0000-000000000001') --Auth > Trader Entitys > Linked Rights      : Trader Linked Accounts & Rights
--INSERT [sec].[PermissionDetail] ([id], [securityGroupId], [applicationSectionId], [allowedView], [allowedAdd], [allowedUpdate], [allowedDelete], [dateModified], [userModified]) VALUES ('40000000-0000-0000-0000-000000000125', '00000000-0000-0000-0000-000000000004', 125, 1, 0, 0, 0, '1900-01-01 00:00:00.000', '00000000-0000-0000-0000-000000000001') --Auth > Trader Entitys > Delivery Config    : Delivery Config
----INSERT [sec].[PermissionDetail] ([id], [securityGroupId], [applicationSectionId], [allowedView], [allowedAdd], [allowedUpdate], [allowedDelete], [dateModified], [userModified]) VALUES ('40000000-0000-0000-0000-000000000126', '00000000-0000-0000-0000-000000000004', 126, 0, 0, 0, 0, '1900-01-01 00:00:00.000', '00000000-0000-0000-0000-000000000001') --Auth > Trader Entitys > Payment Methods    : Payment Methods
--INSERT [sec].[PermissionDetail] ([id], [securityGroupId], [applicationSectionId], [allowedView], [allowedAdd], [allowedUpdate], [allowedDelete], [dateModified], [userModified]) VALUES ('40000000-0000-0000-0000-000000000127', '00000000-0000-0000-0000-000000000004', 127, 1, 0, 0, 0, '1900-01-01 00:00:00.000', '00000000-0000-0000-0000-000000000001') --Auth > Trader Entitys > Manage Goods       : Manage Goods
--INSERT [sec].[PermissionDetail] ([id], [securityGroupId], [applicationSectionId], [allowedView], [allowedAdd], [allowedUpdate], [allowedDelete], [dateModified], [userModified]) VALUES ('40000000-0000-0000-0000-000000000128', '00000000-0000-0000-0000-000000000004', 128, 1, 0, 0, 0, '1900-01-01 00:00:00.000', '00000000-0000-0000-0000-000000000001') --Auth > Trader Entitys > Managed Services   : Managed Services
--INSERT [sec].[PermissionDetail] ([id], [securityGroupId], [applicationSectionId], [allowedView], [allowedAdd], [allowedUpdate], [allowedDelete], [dateModified], [userModified]) VALUES ('40000000-0000-0000-0000-000000000129', '00000000-0000-0000-0000-000000000004', 129, 1, 0, 0, 0, '1900-01-01 00:00:00.000', '00000000-0000-0000-0000-000000000001') --Auth > Trader Entitys > Actions Log        : Actions Log
----INSERT [sec].[PermissionDetail] ([id], [securityGroupId], [applicationSectionId], [allowedView], [allowedAdd], [allowedUpdate], [allowedDelete], [dateModified], [userModified]) VALUES ('40000000-0000-0000-0000-000000000131', '00000000-0000-0000-0000-000000000004', 131, 0, 0, 0, 0, '1900-01-01 00:00:00.000', '00000000-0000-0000-0000-000000000001') --Auth > Paid Services > Subscriptions       : Subscriptions
----INSERT [sec].[PermissionDetail] ([id], [securityGroupId], [applicationSectionId], [allowedView], [allowedAdd], [allowedUpdate], [allowedDelete], [dateModified], [userModified]) VALUES ('40000000-0000-0000-0000-000000000132', '00000000-0000-0000-0000-000000000004', 132, 0, 0, 0, 0, '1900-01-01 00:00:00.000', '00000000-0000-0000-0000-000000000001') --Auth > Paid Services > Setup Simulator     : Setup Simulator
----INSERT [sec].[PermissionDetail] ([id], [securityGroupId], [applicationSectionId], [allowedView], [allowedAdd], [allowedUpdate], [allowedDelete], [dateModified], [userModified]) VALUES ('40000000-0000-0000-0000-000000000133', '00000000-0000-0000-0000-000000000004', 133, 0, 0, 0, 0, '1900-01-01 00:00:00.000', '00000000-0000-0000-0000-000000000001') --Auth > Paid Services > Machine Learning    : Machine Learning
----INSERT [sec].[PermissionDetail] ([id], [securityGroupId], [applicationSectionId], [allowedView], [allowedAdd], [allowedUpdate], [allowedDelete], [dateModified], [userModified]) VALUES ('40000000-0000-0000-0000-000000000134', '00000000-0000-0000-0000-000000000004', 134, 0, 0, 0, 0, '1900-01-01 00:00:00.000', '00000000-0000-0000-0000-000000000001') --Auth > Paid Services > Weather Alert       : Weather Alert
----INSERT [sec].[PermissionDetail] ([id], [securityGroupId], [applicationSectionId], [allowedView], [allowedAdd], [allowedUpdate], [allowedDelete], [dateModified], [userModified]) VALUES ('40000000-0000-0000-0000-000000000135', '00000000-0000-0000-0000-000000000004', 135, 0, 0, 0, 0, '1900-01-01 00:00:00.000', '00000000-0000-0000-0000-000000000001') --Auth > Paid Services > Location Leveraging : Leveraging Location Data
--INSERT [sec].[PermissionDetail] ([id], [securityGroupId], [applicationSectionId], [allowedView], [allowedAdd], [allowedUpdate], [allowedDelete], [dateModified], [userModified]) VALUES ('40000000-0000-0000-0000-000000000021', '00000000-0000-0000-0000-000000000004', 21,  1, 0, 0, 0, '1900-01-01 00:00:00.000', '00000000-0000-0000-0000-000000000001') --Trade > Consumer                           : Buyer
--INSERT [sec].[PermissionDetail] ([id], [securityGroupId], [applicationSectionId], [allowedView], [allowedAdd], [allowedUpdate], [allowedDelete], [dateModified], [userModified]) VALUES ('40000000-0000-0000-0000-000000000022', '00000000-0000-0000-0000-000000000004', 22,  1, 0, 0, 0, '1900-01-01 00:00:00.000', '00000000-0000-0000-0000-000000000001') --Trade > Vendor                             : Grower/Seller
--INSERT [sec].[PermissionDetail] ([id], [securityGroupId], [applicationSectionId], [allowedView], [allowedAdd], [allowedUpdate], [allowedDelete], [dateModified], [userModified]) VALUES ('40000000-0000-0000-0000-000000000023', '00000000-0000-0000-0000-000000000004', 23,  1, 0, 0, 0, '1900-01-01 00:00:00.000', '00000000-0000-0000-0000-000000000001') --Trade > Spoilage                           : Spoilage
----Buyer_Consumer

----Seller_Grower
----INSERT [sec].[PermissionDetail] ([id], [securityGroupId], [applicationSectionId], [allowedView], [allowedAdd], [allowedUpdate], [allowedDelete], [dateModified], [userModified]) VALUES ('50000000-0000-0000-0000-000000000001', '00000000-0000-0000-0000-000000000005', 1,   1, 0, 0, 0, '1900-01-01 00:00:00.000', '00000000-0000-0000-0000-000000000001') --Auth                                       : Auth
----INSERT [sec].[PermissionDetail] ([id], [securityGroupId], [applicationSectionId], [allowedView], [allowedAdd], [allowedUpdate], [allowedDelete], [dateModified], [userModified]) VALUES ('50000000-0000-0000-0000-000000000002', '00000000-0000-0000-0000-000000000005', 2,   1, 0, 0, 0, '1900-01-01 00:00:00.000', '00000000-0000-0000-0000-000000000001') --Trade                                      : Trade
----INSERT [sec].[PermissionDetail] ([id], [securityGroupId], [applicationSectionId], [allowedView], [allowedAdd], [allowedUpdate], [allowedDelete], [dateModified], [userModified]) VALUES ('50000000-0000-0000-0000-000000000003', '00000000-0000-0000-0000-000000000005', 3,   1, 0, 0, 0, '1900-01-01 00:00:00.000', '00000000-0000-0000-0000-000000000001') --Community Reviews                          : Community Reviews
----INSERT [sec].[PermissionDetail] ([id], [securityGroupId], [applicationSectionId], [allowedView], [allowedAdd], [allowedUpdate], [allowedDelete], [dateModified], [userModified]) VALUES ('50000000-0000-0000-0000-000000000004', '00000000-0000-0000-0000-000000000005', 4,   1, 1, 1, 1, '1900-01-01 00:00:00.000', '00000000-0000-0000-0000-000000000001') --Social Forums                              : Social Forums
----INSERT [sec].[PermissionDetail] ([id], [securityGroupId], [applicationSectionId], [allowedView], [allowedAdd], [allowedUpdate], [allowedDelete], [dateModified], [userModified]) VALUES ('50000000-0000-0000-0000-000000000011', '00000000-0000-0000-0000-000000000005', 11,  1, 1, 1, 1, '1900-01-01 00:00:00.000', '00000000-0000-0000-0000-000000000001') --Auth > Personal Profile                    : Manage Personal Profile
--INSERT [sec].[PermissionDetail] ([id], [securityGroupId], [applicationSectionId], [allowedView], [allowedAdd], [allowedUpdate], [allowedDelete], [dateModified], [userModified]) VALUES ('50000000-0000-0000-0000-000000000012', '00000000-0000-0000-0000-000000000005', 12,  1, 0, 0, 0, '1900-01-01 00:00:00.000', '00000000-0000-0000-0000-000000000001') --Auth > Trader Entitys                      : Manage Trader Entitys
----INSERT [sec].[PermissionDetail] ([id], [securityGroupId], [applicationSectionId], [allowedView], [allowedAdd], [allowedUpdate], [allowedDelete], [dateModified], [userModified]) VALUES ('50000000-0000-0000-0000-000000000013', '00000000-0000-0000-0000-000000000005', 13,  0, 0, 0, 0, '1900-01-01 00:00:00.000', '00000000-0000-0000-0000-000000000001') --Auth > Paid Services                       : Manage Paid Services
--INSERT [sec].[PermissionDetail] ([id], [securityGroupId], [applicationSectionId], [allowedView], [allowedAdd], [allowedUpdate], [allowedDelete], [dateModified], [userModified]) VALUES ('50000000-0000-0000-0000-000000000014', '00000000-0000-0000-0000-000000000005', 14,  1, 0, 0, 0, '1900-01-01 00:00:00.000', '00000000-0000-0000-0000-000000000001') --Auth > AddIns                              : Manage AddIns
--INSERT [sec].[PermissionDetail] ([id], [securityGroupId], [applicationSectionId], [allowedView], [allowedAdd], [allowedUpdate], [allowedDelete], [dateModified], [userModified]) VALUES ('50000000-0000-0000-0000-000000000121', '00000000-0000-0000-0000-000000000005', 121, 1, 0, 0, 0, '1900-01-01 00:00:00.000', '00000000-0000-0000-0000-000000000001') --Auth > Trader Entitys > Overview           : Trader Overview
--INSERT [sec].[PermissionDetail] ([id], [securityGroupId], [applicationSectionId], [allowedView], [allowedAdd], [allowedUpdate], [allowedDelete], [dateModified], [userModified]) VALUES ('50000000-0000-0000-0000-000000000122', '00000000-0000-0000-0000-000000000005', 122, 1, 0, 0, 0, '1900-01-01 00:00:00.000', '00000000-0000-0000-0000-000000000001') --Auth > Trader Entitys > Contact Details    : Trader Contact Details
--INSERT [sec].[PermissionDetail] ([id], [securityGroupId], [applicationSectionId], [allowedView], [allowedAdd], [allowedUpdate], [allowedDelete], [dateModified], [userModified]) VALUES ('50000000-0000-0000-0000-000000000123', '00000000-0000-0000-0000-000000000005', 123, 1, 0, 0, 0, '1900-01-01 00:00:00.000', '00000000-0000-0000-0000-000000000001') --Auth > Trader Entitys > Location           : Trader Location
--INSERT [sec].[PermissionDetail] ([id], [securityGroupId], [applicationSectionId], [allowedView], [allowedAdd], [allowedUpdate], [allowedDelete], [dateModified], [userModified]) VALUES ('50000000-0000-0000-0000-000000000124', '00000000-0000-0000-0000-000000000005', 124, 1, 0, 0, 0, '1900-01-01 00:00:00.000', '00000000-0000-0000-0000-000000000001') --Auth > Trader Entitys > Linked Rights      : Trader Linked Accounts & Rights
--INSERT [sec].[PermissionDetail] ([id], [securityGroupId], [applicationSectionId], [allowedView], [allowedAdd], [allowedUpdate], [allowedDelete], [dateModified], [userModified]) VALUES ('50000000-0000-0000-0000-000000000125', '00000000-0000-0000-0000-000000000005', 125, 1, 0, 0, 0, '1900-01-01 00:00:00.000', '00000000-0000-0000-0000-000000000001') --Auth > Trader Entitys > Delivery Config    : Delivery Config
----INSERT [sec].[PermissionDetail] ([id], [securityGroupId], [applicationSectionId], [allowedView], [allowedAdd], [allowedUpdate], [allowedDelete], [dateModified], [userModified]) VALUES ('50000000-0000-0000-0000-000000000126', '00000000-0000-0000-0000-000000000005', 126, 0, 0, 0, 0, '1900-01-01 00:00:00.000', '00000000-0000-0000-0000-000000000001') --Auth > Trader Entitys > Payment Methods    : Payment Methods
--INSERT [sec].[PermissionDetail] ([id], [securityGroupId], [applicationSectionId], [allowedView], [allowedAdd], [allowedUpdate], [allowedDelete], [dateModified], [userModified]) VALUES ('50000000-0000-0000-0000-000000000127', '00000000-0000-0000-0000-000000000005', 127, 1, 0, 0, 0, '1900-01-01 00:00:00.000', '00000000-0000-0000-0000-000000000001') --Auth > Trader Entitys > Manage Goods       : Manage Goods
--INSERT [sec].[PermissionDetail] ([id], [securityGroupId], [applicationSectionId], [allowedView], [allowedAdd], [allowedUpdate], [allowedDelete], [dateModified], [userModified]) VALUES ('50000000-0000-0000-0000-000000000128', '00000000-0000-0000-0000-000000000005', 128, 1, 0, 0, 0, '1900-01-01 00:00:00.000', '00000000-0000-0000-0000-000000000001') --Auth > Trader Entitys > Managed Services   : Managed Services
--INSERT [sec].[PermissionDetail] ([id], [securityGroupId], [applicationSectionId], [allowedView], [allowedAdd], [allowedUpdate], [allowedDelete], [dateModified], [userModified]) VALUES ('50000000-0000-0000-0000-000000000129', '00000000-0000-0000-0000-000000000005', 129, 1, 0, 0, 0, '1900-01-01 00:00:00.000', '00000000-0000-0000-0000-000000000001') --Auth > Trader Entitys > Actions Log        : Actions Log
----INSERT [sec].[PermissionDetail] ([id], [securityGroupId], [applicationSectionId], [allowedView], [allowedAdd], [allowedUpdate], [allowedDelete], [dateModified], [userModified]) VALUES ('50000000-0000-0000-0000-000000000131', '00000000-0000-0000-0000-000000000005', 131, 0, 0, 0, 0, '1900-01-01 00:00:00.000', '00000000-0000-0000-0000-000000000001') --Auth > Paid Services > Subscriptions       : Subscriptions
----INSERT [sec].[PermissionDetail] ([id], [securityGroupId], [applicationSectionId], [allowedView], [allowedAdd], [allowedUpdate], [allowedDelete], [dateModified], [userModified]) VALUES ('50000000-0000-0000-0000-000000000132', '00000000-0000-0000-0000-000000000005', 132, 0, 0, 0, 0, '1900-01-01 00:00:00.000', '00000000-0000-0000-0000-000000000001') --Auth > Paid Services > Setup Simulator     : Setup Simulator
----INSERT [sec].[PermissionDetail] ([id], [securityGroupId], [applicationSectionId], [allowedView], [allowedAdd], [allowedUpdate], [allowedDelete], [dateModified], [userModified]) VALUES ('50000000-0000-0000-0000-000000000133', '00000000-0000-0000-0000-000000000005', 133, 0, 0, 0, 0, '1900-01-01 00:00:00.000', '00000000-0000-0000-0000-000000000001') --Auth > Paid Services > Machine Learning    : Machine Learning
----INSERT [sec].[PermissionDetail] ([id], [securityGroupId], [applicationSectionId], [allowedView], [allowedAdd], [allowedUpdate], [allowedDelete], [dateModified], [userModified]) VALUES ('50000000-0000-0000-0000-000000000134', '00000000-0000-0000-0000-000000000005', 134, 0, 0, 0, 0, '1900-01-01 00:00:00.000', '00000000-0000-0000-0000-000000000001') --Auth > Paid Services > Weather Alert       : Weather Alert
----INSERT [sec].[PermissionDetail] ([id], [securityGroupId], [applicationSectionId], [allowedView], [allowedAdd], [allowedUpdate], [allowedDelete], [dateModified], [userModified]) VALUES ('50000000-0000-0000-0000-000000000135', '00000000-0000-0000-0000-000000000005', 135, 0, 0, 0, 0, '1900-01-01 00:00:00.000', '00000000-0000-0000-0000-000000000001') --Auth > Paid Services > Location Leveraging : Leveraging Location Data
--INSERT [sec].[PermissionDetail] ([id], [securityGroupId], [applicationSectionId], [allowedView], [allowedAdd], [allowedUpdate], [allowedDelete], [dateModified], [userModified]) VALUES ('50000000-0000-0000-0000-000000000021', '00000000-0000-0000-0000-000000000005', 21,  1, 0, 0, 0, '1900-01-01 00:00:00.000', '00000000-0000-0000-0000-000000000001') --Trade > Consumer                           : Buyer
--INSERT [sec].[PermissionDetail] ([id], [securityGroupId], [applicationSectionId], [allowedView], [allowedAdd], [allowedUpdate], [allowedDelete], [dateModified], [userModified]) VALUES ('50000000-0000-0000-0000-000000000022', '00000000-0000-0000-0000-000000000005', 22,  1, 0, 0, 0, '1900-01-01 00:00:00.000', '00000000-0000-0000-0000-000000000001') --Trade > Vendor                             : Grower/Seller
--INSERT [sec].[PermissionDetail] ([id], [securityGroupId], [applicationSectionId], [allowedView], [allowedAdd], [allowedUpdate], [allowedDelete], [dateModified], [userModified]) VALUES ('50000000-0000-0000-0000-000000000023', '00000000-0000-0000-0000-000000000005', 23,  1, 0, 0, 0, '1900-01-01 00:00:00.000', '00000000-0000-0000-0000-000000000001') --Trade > Spoilage                           : Spoilage
----Seller_Grower
--GO
---------   -------   -------   sec   -------   -------   -------